hash,name
002ED25282683FDF,zombietron_missile_turret_weapon
004EA6E102B52244,ww_tesla_sniper_t8_zm
00DFE75A51971578,inventory_sig_bow_flame2
00DFE85A5197172B,inventory_sig_bow_flame3
00DFED5A51971FAA,inventory_sig_bow_flame4
00DFEE5A5197215D,inventory_sig_bow_flame5
01CBA8E2D50E56B3,hero_chakram_lv1_zm
01D861AE1DDD5C62,ww_blundergat_fire_t8_unfinished_zm
01FB38D64D8773F0,eq_slow_grenade_mp
01FEBDE2D539D3FB,hero_chakram_lv1_mp
0226D0AD69D9EFA1,ww_mega_barrel_fullauto_blazer_beam_t9
022968B857F5CE43,lmg_spray_t8_gold_wz
02534AD64DD2085C,eq_slow_grenade_wz
0363D58D2C8A0597,melee_slaybell_t8_mp
0363FF2E7255A90B,galvaknuckles_t8_zm
0378CF8D2C9C576F,melee_slaybell_t8_wz
03B174AAA3962009,eq_molotov_extra_zm
03D6AAB708D32573,execution_hawk
03D706A79AEDA03D,zombie_perk_bottle_tortoise
03E49A53ACB06720,inventory_ac130_mp
0426D7C850C7F1D2,ww_ray_rifle_t9_upgraded
0430B169E311309F,eq_hawk_wz
0488B769E35BB0A7,eq_hawk_mp
04A7289DE367F1A8,execution_rifle
04AA507ECFABF584,melee_baseballbat_t9_upgraded
06287DE3E8BE4BA9,cobra_20mm_comlink
06319E23758CD25E,ring_of_fire_5
06319F23758CD411,ring_of_fire_4
0631A023758CD5C4,ring_of_fire_3
0631A123758CD777,ring_of_fire_2
0631A223758CD92A,ring_of_fire_1
063865519F43B9E7,spork_alcatraz_zm
06645C519F68E587,spork_alcatraz_wz
069A54DF1E9B8E3E,zombie_perk_totem_slider
06C8D39BE6C0B60D,sniper_cannon_t9_upgraded
0808100CA097E40C,eq_dart_gun
08930926B44733DF,pistol_revolver_t9_upgraded
08F0C0D76CB8455F,zombie_bgb_use
090325B6CD1A0B18,zitem_silver_aetherscope_part_3_zm
0923EEB7DC767D88,ww_tricannon_earth_t8_zm
092593C8F4179C9F,zitem_spectral_shield_part_3_zm
0926E91FF5B89775,zitem_red_strike_part_1_zm
0946378A078362B9,sniper_standard_t9_upgraded
0969789DDB6EA1E1,pistol_semiauto_t9_dw_upgraded
0A72730D612B49B9,shotgun_precision_t8_wz
0A7F6BEA1D4D43E6,sniper_fastrechamber_t8_gold_wz
0A818BB5CE1077B4,zitem_zhield_zword_part_3_zm
0A95AFCC75501984,execution_garrote
0A97680D614A5345,shotgun_precision_t8_zm
0ABC7D0D61699331,shotgun_precision_t8_mp
0AD8382F0C5FF125,ww_tricannon_fire_t8_upgraded_zm
0AF5D741BDD8F028,ww_tricannon_air_t8_zm
0B141F0C49DC08F4,spknifeork_flourish_zm
0B6957E70F3112C0,ai_tank_drone_gun_mp
0C05A67703CB5449,golden_knife_flourish_zm
0C5ECF0AE6501E5F,ww_mega_barrel_fullauto_diffusion_beam_t9_upgraded
0C6535E906C2C072,special_crossbow_t9_upgraded
0C78156BA6AEDA14,eq_wraith_fire
0C94AF7BCADA02DD,eq_nesting_doll_grenade_niko_zm
0CBCA54286491987,zitem_traps_hellpools_part_2_zm
0D0A1FD7D80759A1,smg_fastfire_t8_operator_wz
0D1679420058CED8,spoon_alcatraz_flourish_zm
0D56762787A246E8,wraith_fire_fire_small_zm
0D606B2787AA88BC,wraith_fire_fire_small_wz
0DA3712362F9CCBE,killstreak_remote
0DAA9B10B8CD9489,hero_scepter_lv2_zm
0DEB8810B9050B35,hero_scepter_lv2_mp
0E0388F2D9B208AD,abom_melee
0E4ECCA40393B39D,zombie_perk_bottle_mulekick
0E5A7B3272612BD8,zhield_zword_dw_zm
0E83C24B5604FF82,hero_katana_t8_lv2_mp
0EC2A5E2D8BFF021,eq_emp_grenade_mp
0EC3B74B563AD0C6,hero_katana_t8_lv2_zm
0EE49BE2D8DCC589,eq_emp_grenade_wz
0F22302A36C9AB0C,ges_plyr_gesture008
0F22312A36C9ACBF,ges_plyr_gesture009
0F22342A36C9B1D8,ges_plyr_gesture004
0F22352A36C9B38B,ges_plyr_gesture005
0F22362A36C9B53E,ges_plyr_gesture006
0F22372A36C9B6F1,ges_plyr_gesture007
0F22382A36C9B8A4,ges_plyr_gesture000
0F22392A36C9BA57,ges_plyr_gesture001
0F223A2A36C9BC0A,ges_plyr_gesture002
0F223B2A36C9BDBD,ges_plyr_gesture003
0F223CACB02788E3,essence_trap_zm
0F24C3BBE8D955CA,spork_alcatraz_flourish_zm
0F534000934337BC,smg_drum_pistol_t8_zm
0F8D3B009374A784,smg_drum_pistol_t8_mp
100C0D9BB1B4FA17,melee_zombiearm_t8_wz
10285306541D5CC1,hero_pineapple_grenade
102E039BB1D1CF7F,melee_zombiearm_t8_mp
1035A16BEE0B2AF5,zhield_spectral_lh_zm
104589E98C7F2AB1,zitem_tricannon_upgrade_part_2_zm
106AF36E3160A1E6,sniper_powersemi_t8_gold_wz
11363C24185FECDB,ww_ieu_plasma_t9_upgraded
114729F4D5A8D08C,tank_robot_launcher_turret_ct
1158E0F7C28C425C,zombie_perk_bottle_marathon
117639F4D5D05C7E,tank_robot_launcher_turret_mp
1189CBD2BE3400C5,zhield_dw_zm
11950FD48291B9F8,sniper_powerbolt_t8_wz
11A622D482A04D74,sniper_powerbolt_t8_zm
11ABC3643C792152,zombietron_deathmachine
11E00DD482D1A20C,sniper_powerbolt_t8_mp
11EE4698C447B7F3,zitem_orange_heat_pack_part_2_zm
12066863CF795424,zombie_perk_bottle_zombshell
12C7FEDBC3006808,white_nova_crawler_projectile_zm
131F7CF44A2764E3,scavenger_item
139BD1F364866CB7,thundergun_zm
139E2373D90A0615,gadget_health_regen_squad_wz
13BF890E15AC5746,execution_warmace
1410978EC9E9CF97,special_ballisticknife_t8_dw_upgraded_dw_zm
148E5880A4F4D46F,lightning_links
14950D710B3D3778,ww_hand_c_upgraded_zm
14F7A576A9DCD6AD,stake_knife_zm
154127AC67AF815E,hero_pineapplegun_siege
157979A20EC80020,sniper_quickscope_t8_operator_wz
15A0F4BD0B460C0D,killstreak_qrdrone_mp
1636ECBEB0572900,zhield_zpear_dw_zm
16A145AAA5433EBD,ray_gun_mk2v_zm
1727BE2457F2A582,ar_fastfire_t8_mp
1767B324582876C6,ar_fastfire_t8_zm
1771BC245830DA96,ar_fastfire_t8_wz
17C41EDB5F75DABC,ray_gun_mk2y_upgraded_charged_zm
180D298DC9BDAFE7,pistol_fullauto_t8_gold_wz
18228A2C81E439CA,melee_coinbag_t8_mp
1837782C81F6773E,melee_coinbag_t8_wz
1896586B70DC4CD3,smg_spray_t9_upgraded
189EF2DAFFFE1F4C,ww_ieu_acid_t9_upgraded
18DF25A269D0417F,ww_random_ray_gun3_charged_zm
196C1FA02668EB4D,ar_standard_t9_upgraded
19A1B96C6810440C,sig_buckler_lh_mp
1A377DB5BFA579F3,launcher_freefire_t9_upgraded
1A8E376E04FFED9D,dogtag_drop
1A97F0FB18B48A63,ww_tricannon_t8_zm
1AEE4B7139B0DB1C,ww_hand_o_charged_zm
1BB3B0C39433E8CA,eq_blind_grenade_mp
1BB82C01E27085A2,inventory_sig_lmg
1BF811FA5D684607,inventory_chopper_gunner
1C2382FFF8A27D22,smg_fastburst_t8_wz
1C3471FFF8B0D372,smg_fastburst_t8_zm
1C7B84FFF8ECF65E,smg_fastburst_t8_mp
1CCC2907E2FC780D,pistol_burst_t9_lh_upgraded
1D185101132A7FBA,melee_cutlass_t8_wz
1D3A430113474E56,melee_cutlass_t8_mp
1D4573F2043F9F82,flare_gun_veh_wz
1D5AABEE515197E9,ct_hack_tool
1D9CB9DBD298ACBA,ring_of_fire
1DBAE57E14F6D92D,ray_gun_upgraded_zm
1EC9EAB0931C9A8E,pistol_topbreak_t8_mp
1EEEF7B0933BCCE2,pistol_topbreak_t8_zm
1F026006E0C05D22,smg_handling_t8_gold_wz
1FB0B26684CAEE0F,gadget_smart_cover
1FC65C0195983A4D,smg_mp40_t8_zm
1FD7470195A689D1,smg_mp40_t8_wz
1FEB410195B728A9,smg_mp40_t8_mp
1FF89D7B2DA17D4C,molotov_fire_tall
2005079270BCD650,parachute_wz
201B9DD1FEFC8993,default_specialist_equipment_mp
209D5C516BFDF9E5,ww_mega_barrel_fullauto_micro_missile_t9_upgraded
20EB942CC1019D99,eq_nesting_doll_grenade_zm
20EBAC121256A737,zombietron_lmg_1
20EBAD121256A8EA,zombietron_lmg_2
211F88A275AB4376,molotov_fire_small_zm
212971A275B370E6,molotov_fire_small_wz
212E90A0BC53DAFB,eq_decoy_grenade_wz
214B73A275D05AB2,molotov_fire_small_mp
2182058569C1F404,zhield_spectral_lh_upgraded_zm
2196188CCCD24807,zitem_white_bear_bomb_part_2_zm
21D1A9FE7D470277,inventory_swat_team_mp
2273979CD012B8B9,pistol_standard_t8_mp
22910197A096516B,brutus_melee
22BA929CD04EB2DD,pistol_standard_t8_zm
22CB9D9CD05D38C1,pistol_standard_t8_wz
236520B855DBAAAC,eq_slow_grenade_hunter_ph_mp
23A413F11760A95C,smg_mp40_t8_upgraded_zm
23E1A91BF9996A77,sig_bow_quickshot_wz
24039F1BF9B63FDF,sig_bow_quickshot_mp
248751E02931BDDB,zombie_perk_bottle_elemental_pop
249B3606DC00652A,ir_strobe_mp
253B7186C9D1E053,zombie_perk_bottle_wolf_protector
256728286691B32D,ar_damage_t9_upgraded
25B9A4EA7A3FF4CD,ray_gun_mk2_wz
25C3B1EA7A485F69,ray_gun_mk2_zm
25FF17BB722AAAF5,ar_soviet_t9
2606704A92FFB5ED,ar_mobility_t9_upgraded
26B075FD44CF7800,zitem_orange_dynamite_bomb_part_3_zm
26C77A650C8EA1A2,zitem_white_ww_modkit_part_3_zm
270D1765540CB557,smg_folding_t8_zm
271AE987A9FE9C97,mini_turret_mp
27256A3FC2D4F71C,helicopter_gunner_turret_primary
27392E6554321757,smg_folding_t8_wz
275B2465544EECBF,smg_folding_t8_mp
278952B71D57A9EC,execution_helo
28065AD36D6657A2,gadget_health_regen_wz
283327E0937BE8F8,hero_hammer_lv3_mp
285E5CD36DB0D0DE,gadget_health_regen_mp
286A30586A6AED12,bare_hands_ct
287138586A711958,bare_hands_mp
288114E093BDEA00,hero_hammer_lv3_zm
28832732F6432C98,avogadro_bolt
28933A586A8E0324,bare_hands_wz
28F6B6A2174B89D5,melee_sai_t9_lh_upgraded
28FC405E2C0B971D,zombietron_fireball_weapon
295D5D7201B17530,execution_battleaxe
2A5C05B004DBDA0A,melee_stopsign_t8_mp
2A6FF3B004EC647E,melee_stopsign_t8_wz
2ADE66DF7E330C1D,smg_semiauto_t9_upgraded
2BC18274E57F8CD7,trophy_system_wz
2BE37874E59C623F,trophy_system_mp
2C039642D7E8865C,gadget_supplypod_mp
2C1574758AB1B483,execution_etool
2C84060669F507C0,zhield_turret
2CA35808B452D993,notdowned
2D2D56CDD426FD6D,zhield_zword_turret_zm
2D7BDB1DE62EF81D,inventory_supplydrop_marker
2DE3655840AE229D,ultimate_turret_deploy
2E39312FD8E5CD84,listening_device_spy
2E55D5C207D22411,ar_damage_t8_zm
2E711075E6AE822E,melee_secretsanta_t8_mp
2E81E8C207F77F45,ar_damage_t8_wz
2E860E75E6C0DAD2,melee_secretsanta_t8_wz
2E914691034841A9,zombie_perk_bottle_death_dash
2E96F2C20809EC4D,ar_damage_t8_mp
2EA2865A0B81324E,thunderstorm_zm
2EB9B535F09D1B3C,mannequin_ai_defaultmelee_mp
2EE7D9F55EDBCD48,explodable_barrel
2FAF13FC52EB4A82,pistol_standard_mp
2FE3404CF147738D,ar_fastfire_t8_operator_wz
2FEF08FC53211BC6,pistol_standard_zm
306EC85666E78E56,smg_standard_t8_gold_wz
30A0A6AD8D3CA130,special_ballisticknife_freezing_t8_lh_zm
30A4D4D10FC54276,knife_zm
30C2D7B8823B3B05,zitem_spectral_shield_part_1_zm
30D658A39C0DC9E7,special_ballisticknife_t9_lh_upgraded
30DC917F55C87DDF,equip_sprout_zm
316561311D23B026,null_offhand_secondary
317890E21BFE805B,downed_doa
31A85B77315AD23E,gadget_health_regen
322697BDA96AEEAA,zitem_spectral_shield_part_2_zm
329F1815F1ED9B7C,shotgun_semiauto_t8_zm
32C50515F20E4A70,shotgun_semiauto_t8_wz
32D91315F21F0B44,shotgun_semiauto_t8_mp
32E42E73CA3CF0BB,inventory_planemortar
33478DA3E667AE51,execution_komodo
335924BA1C666165,lmg_heavy_t8_gold_wz
338B9A5FF94807AA,inventory_ai_tank_marker_mp
338C301A93BE1BA9,ar_slowfire_t9_upgraded
33A318D2832760F2,zombietron_giant_skeleton_blaster
33BE4792FEEABECE,remote_missile_mini
34038F755B300D3A,remote_missile_bomblet
3474996A75324D5A,null_offhand_primary
34A3D5E05D7ACDEE,melee_wakizashi_t9_upgraded
350ADEF738B655C0,smg_capacity_t9_upgraded
351254CD4FC93D6E,tomahawk_t8_wz_pandemic
35471AC6392C871F,zitem_chaos_lvl3_part_3_zm
356D84033A052424,zitem_silver_molten_part_1_zm
356DC0919424AB60,gegenees_spear_projectile_zm
362369C9B2F5CFCA,zitem_silver_aetherscope_part_1_zm
3664312920435BF0,downed_wz
36783F2920541CC4,downed_mp
368D3D495D7DD577,hero_lightninggun_arc_wz
36A6454F13B54F18,gun_ultimate_turret
36AF33495D9AAADF,hero_lightninggun_arc_mp
36E3E8F4F78A52AD,execution_knife_base
37426BFCC5BF02AC,noweapon_cp
37BB9BDF28CE88FA,golden_knife_zm
380406366D3AAE2C,zitem_orange_zipline_crank_part_2_zm
38048FBC30BCD541,zitem_zhield_zword_part_2_zm
38F0F62D3A13C9F2,special_ballisticknife_t8_dw_dw_wz
3902052D3A2256A2,special_ballisticknife_t8_dw_dw_zm
392389373E7F5E32,zitem_traps_hellpools_part_3_zm
397BD80CF477986A,jetfighter_missile
3980E1FCD260205B,helicopter_gunner_turret_rockets
39C766272C34D57F,smg_season6_t9_upgraded
39C9E53910C6E402,ww_random_ray_gun2_charged_zm
39E8822AE891549D,dart_turret_mp
3A1959BB039F2BE3,zhield_dw
3A19EAF2033C6FAE,eq_swat_grenade_wz
3A3476BB03B624E2,zhield_lh
3A40782AE8DBB975,dart_turret_wz
3A72FCF20388B71A,eq_swat_grenade_mp
3ABA1FE198803A12,zitem_tungsten_neutralizer_device_zm
3AF942EF08DCBD4A,melee_coldwar_t9_dw
3B0E103F6456AD73,zombie_perk_bottle_revive
3B1545EF08F53D1B,melee_coldwar_t9_lh
3B38033ECA0A3BDD,supplypod_catch
3B97BE73B2C8F4EC,melee_sai_t9_lh
3BA428C53AD5AC2C,ray_gun_mk2v_upgraded_zm
3BB2C573B2DFC889,melee_sai_t9_dw
3BBD28C011B70427,sig_bow_quickshot_alt_mp
3C512D5A769A738B,recon_car_mp
3C8B385A76CBFE83,recon_car_zm
3C9C275A76DA54D3,recon_car_wz
3CC55BE2B1902DF3,amws_gun_turret_mp_player
3CE9451A2BD662E4,zitem_rocketshield_part_3_zm
3D22D54BE787967C,player_hind_gunner1_turret
3D4C7611326A858C,ar_mg1909_t8_upgraded_zm
3D51457E34ADA583,eq_grapple_ct
3D57557E34B22C61,eq_grapple_mp
3D62B9C92BBCA893,lightning_links_1
3D62BAC92BBCAA46,lightning_links_2
3D62BBC92BBCABF9,lightning_links_3
3D62BCC92BBCADAC,lightning_links_4
3D62BDC92BBCAF5F,lightning_links_5
3D794B7E34CF01C9,eq_grapple_wz
3DD237CC7A937C2A,inventory_ultimate_turret_mp
3DE41350F70154AD,execution_pistol_alt
3DFB909F3742E80C,execution_mace
3E20E64D41F2E623,zitem_orange_zipline_crank_part_1_zm
3E9EABB86EE717C0,inventory_counteruav_mp
3ECFA070F2DDCD6C,tr_leveraction_t8_upgraded_zm
3ED4419427E0D85A,pistol_revolver_t9_cuba
3EED4387351CBA84,execution_nailgun
3F086AA3485B53E6,zombie_bgb_grab
3F2E00EAE33330C5,pistol_semiauto_t9_lh
3F5A74E058F33CB7,zombie_perk_bottle_mystery
3F62A872201CD1CE,swat_grenade_payload
3FA91D1674123E09,ww_ieu_shockwave_t9
40386C26FBBB5544,briefcase_bomb
4039C7ADAEAFF87F,execution_lawgiver
40A7572272724186,melee_sledgehammer_t9
413CED53ABE488EB,zhield_zpear_lh_zm
41EA6E05429CDF17,gadget_seeker_mine_mp
41F62FD2134FAC89,zombie_fists_zm
4281516C4849B247,zombie_projectile
42DA69E5D893F986,zombie_perk_totem_wolf_protector
42E110BC04AD35B4,helicopter_gunner_turret_tertiary
4307D5AAA7CE21D4,inventory_straferun
431AD64875BA31CF,werewolf_melee
431FCB7CB12F6767,remote_missile_missile
436609E2351DD196,ar_accurate_t8_zm
4370F2E23527B206,ar_accurate_t8_wz
4392F4E235449BD2,ar_accurate_t8_mp
43F69996D6CBBD89,sniper_accurate_t9
43F828CE51E82996,ray_gun_zm
440311CE51F20A06,ray_gun_wz
442513CE520EF3D2,ray_gun_mp
44678C77A1FA37B0,eq_stimshot_spy
447B6679CFAEC851,ability_smart_cover_wz
448F6079CFBF6729,ability_smart_cover_mp
44B7CCDF19718604,gadget_vision_pulse_mp
459C0007EC5E2470,inventory_ac130
45EBF5927F7265D0,hero_gravityspikes_t8_lv3_mp
46037F847B222F56,tr_longburst_t8_operator_wz
460BC598F95372F5,melee_wakizashi_t9
4638E72E96209902,execution_rabbit
463A12927FB4B868,hero_gravityspikes_t8_lv3_zm
464AC35DBC53A2EF,sig_buckler_dw_mp
4650AF6AC5C9CE80,special_ballisticknife_t9_dw_upgraded
479F8DE44D618B68,zombie_ai_defaultmelee_zm
47A982E44D69CD3C,zombie_ai_defaultmelee_wz
48635321626A6E9D,inventory_remote_missile
48E6C6655DF12B80,zitem_riotshield_part_1_zm
48E7E78955D69311,spknifeork_zm
48F78710D951FA6B,ar_fastfire_t8_gold_wz
4913FA8955FBEE45,spknifeork_wz
492946CDC9E4F3D4,ar_slowhandling_t9_upgraded
49D514608ADC6A24,inventory_jetfighter
4A0BBD17FF6D500A,hero_bowlauncher_mp
4A6FE57B858EAE96,ray_gun_mk2x_lh_zm
4A84280717235FAE,inventory_drone_squadron_mp
4AC5CAFD859880E6,pickup_health_regen_mp
4AD00F45CC0EFCFF,ar_peacekeeper_t8_gold_wz
4AF5536D9F4BD4C2,eq_binoculars
4B8918C2C59E5D90,zombie_perk_totem_timeslip
4CA73390D5281773,supplypod_catch_mp
4CB9ACA7F51434A4,eq_concertina_wire
4CCBDB4876F0A027,proximity_grenade
4D021FB99C9B6E22,sig_buckler_turret_mp
4D16F8D393EF1B42,eq_molotov_wz
4D27E7D393FD7192,eq_molotov_zm
4D6EFAD39439947E,eq_molotov_mp
4DFCFC8185088CB2,zitem_white_bear_bomb_part_3_zm
4E23DEF16BCA8076,eq_acid_bomb
4E64B6549AB23270,zitem_white_ww_modkit_part_1_zm
4E81AB43A74F9F59,lmg_light_robot_mp
4E98EF623278205F,molotov_fire_wall
4EB43607E029887A,sniper_accurate_t9_upgraded
4EE16EB0581E4646,ww_ieu_electric_t9_upgraded
4F347A4A61713F29,inventory_hero_pineapplegun
4F5655B28A953DC7,pistol_revolver_t9_dw_upgraded
4F60C436C17984B5,melee_battleaxe_t9_upgraded
4F6937F5CE2B2D06,hero_lightninggun_wz
4F8B39F5CE4816D2,hero_lightninggun_mp
4FDEE19F59CEE9DF,zombietron_deathmachine_2
4FDEE29F59CEEB92,zombietron_deathmachine_1
507C5922BA1A158F,zombietron_impaler
50C7DFA67C3F185B,quadtank_main_turret_player
50CE9A03A49A95ED,zitem_orange_dynamite_bomb_part_2_zm
50E5566B6C594537,zitem_white_ww_modkit_part_2_zm
511B5C81A984BAF9,inventory_hoverjet
5181D365AB72D03D,smg_handling_t9_upgraded
518AC4A8AD4308B9,execution_m79
52795F307F4365CE,lmg_spray_t8_wz
529F38E6F38907ED,hero_hammer_lv2_zm
52A576307F68C7CE,lmg_spray_t8_zm
52C41DE6F3A7F649,hero_hammer_lv2_mp
52C6A0F2D315B844,zombietron_gegenees_spear_projectile
52D171307F8DFA3A,lmg_spray_t8_mp
52D2C7A2B082C228,ww_freezegun_t8_zm
52F3A2B4A892382E,zitem_zhield_zpear_part_1_zm
537B94A09BD1867F,melee_sledgehammer_t9_upgraded
5382C3FAE4273FED,ww_axe_gun_melee_t9_upgraded
53B2B708D6F3408D,ww_hand_g_zm
53C114281FA81885,hero_chakram_lh_lv2_zm
53E629281FC75871,hero_chakram_lh_lv2_mp
53FF3D441C38D8F4,pistol_burst_t8_mp
541CABC297AD6569,smg_accurate_t8_operator_wz
542CDC58BB2D827C,hero_minigun_t8_lv1_mp
543222441C6404AC,pistol_burst_t8_zm
545160E7D44DC3A7,zitem_acid_gat_part_3_zm
54572F441C833700,pistol_burst_t8_wz
545FD158BB58C964,hero_minigun_t8_lv1_zm
548200703429057E,bowie_flourish
54FFD72D46B8B506,hero_chakram_lh_lv1_mp
5524D42D46D7CC2A,hero_chakram_lh_lv1_zm
55569355DA0F0F68,frenzied_guard
556B393899E54D83,eq_slow_grenade_bb_mp
55842A0F98605A32,ar_damage_t8_gold_wz
55D5FFE6012BB154,zitem_platinum_uranium_device_zm
562CD4C347364BA0,shotgun_trenchgun_t8_upgraded_zm
566413D54185CD2A,eq_mechz_firebomb
569C0C03C08079E7,ww_freezegun_t8_upgraded_zm
56C80303C0A5A587,ww_freezegun_t8_upgraded_wz
570034544951CB42,ir_strobe
5743FC6448644DBA,molotov_fire_zm
57547AE2A2112265,sticky_grenade_mp
5768ED644883507A,molotov_fire_wz
57816DE2A237FA39,sticky_grenade_zm
578ADF6448A01F16,molotov_fire_mp
5791EB6448A65228,molotov_fire_cp
57BD2E96F2F8A190,knife_held
57FDC6B25BEE0EFF,smg_thompson_t8_upgraded_zm
581A1A9E3AEF740B,zombie_perk_bottle_slider
582702D577BF4DA1,eq_acid_bomb_extra_zm
5847649E274F1933,eq_frag_grenade_zm
5871913C569620BF,sig_lmg_alt_mp
587A799E277A967B,eq_frag_grenade_mp
58B4CAB1CA95AE6E,rotor_blade
58B745F116AB1B97,ar_galil_t8_zm
58DAE549465BB304,pistol_burst_t9_lh
58E35CF116D07D97,ar_galil_t8_wz
590552F116ED52FF,ar_galil_t8_mp
5908BED1355CBB74,ww_crossbow_impaler_t8_wz
5934C9D135820910,ww_crossbow_impaler_t8_zm
59419D47968C50CF,shotgun_pump_t9_upgraded
596A3E1585CC3EB7,rider_spear_projectile_zm
5998A631B4DA4974,ww_hand_g_charged_zm
5A5C0FD252EA8B91,melee_actionfigure_t8_wz
5A7109D252FCDD69,melee_actionfigure_t8_mp
5AB741E214CB52E7,execution_boomstick
5ACCC91D1B5965A3,hero_annihilator_wz
5AE515E967C2A10E,remote_missile_mini_mp
5AEECF1D1B76563B,hero_annihilator_mp
5B8B06AD6DAA7FBA,hero_pineapplegun_wz
5BACF8AD6DC74E56,hero_pineapplegun_mp
5BD48D860EBD5A41,ww_ray_rifle_t9
5C1D6DB952A5F25B,hatchet_bb_mp
5C43FF9EDA0E4D82,eq_sensor_mp
5C8DFD9EDA4C8296,eq_sensor_wz
5CBDFA8FE857658C,tr_damagesemi_t9_upgraded
5CD3B1599761AA21,straferun_rockets
5CE45EB5C7502585,zitem_chaos_lvl3_part_1_zm
5CF1B9BED07D6F33,shotgun_fullauto_t8_zm
5D02C8BED08BFBE3,shotgun_fullauto_t8_wz
5D24CEBED0A8EC7B,shotgun_fullauto_t8_mp
5D3F1E888AE9E7DA,mute_smoke_mp
5D5DC76EE1900BF2,music_box_zm
5D6F444E983B62CA,toxic_growth
5DA19AA19F76866E,acog_lmg_standard_t8_upgraded_zm
5DB5217589C5F3D7,smg_fastburst_t8_gold_wz
5DD5741F21FD680D,ww_ieu_electric_t9
5E33600D27078649,mechz_melee
5E34A3B4FE7C53D2,gadget_jammer_mp
5E481EBAEE7FD92A,zitem_chaos_lvl3_part_2_zm
5E7DD6465D1CEC31,ar_stealth_t8_zm
5E8BD91D66F55A16,molotov_steam_zm
5E96C21D66FF3A86,molotov_steam_wz
5EA6F9310D72A6A4,zombie_perk_bottle_stronghold
5EA9E9465D424765,ar_stealth_t8_wz
5EB76916B647273D,special_nailgun_t9
5EB8C41D671C2452,molotov_steam_mp
5EBEF3465D54B46D,ar_stealth_t8_mp
6053ADC68CB15BB0,launcher_standard_t8_mp
60A1CAC68CF3AE48,launcher_standard_t8_zm
60ACBFC68CFDA31C,launcher_standard_t8_wz
619178890B73379A,buildable_piece
61939DDBDF40D266,ww_blundergat_fire_t8_zm
61BD2DDDF7C9DBC2,stoker_coal_bomb_cp
62121EDDF8120244,stoker_coal_bomb_zm
6274DEAB7B19110A,equip_head_zm
6285EFEC2B6F8E80,zhield_frost_dw_zm
628935125500ECAD,gadget_smart_cover_wz
628CEFAB7B2DBFCE,equip_head_sr
62D42F125540CDF5,gadget_smart_cover_mp
63296138C838DA89,sniper_mini14_t8_operator_wz
6330CE44163194CF,ww_hand_o_uncharged_zm
63B33204197F67EE,melee_etool_t9_upgraded
63EB2C3F688A6BBC,zombietron_launcher_2
63EB2F3F688A70D5,zombietron_launcher_1
64341F30E575E96E,special_crossbow_t8_mp
6435A41B474A98DB,zitem_silver_molten_part_2_zm
64481D30E5868F12,special_crossbow_t8_wz
64592C30E5951BC2,special_crossbow_t8_zm
64BA9FE546C17AA4,zombie_perk_totem_tortoise
64C28E159E811E6B,ww_hand_c_uncharged_zm
64C9767EF0D38099,sniper_fastrechamber_t8_wz
64EF6B7EF0F43D25,sniper_fastrechamber_t8_zm
6514807EF1137D11,sniper_fastrechamber_t8_mp
655D944E437C3D5B,ww_ieu_acid_t9
65836E8E0C7A2128,zombietron_launcher_secondary
65F8A13931095B50,inventory_counteruav
6653BBA8043D03F6,sig_bow_flame3
6653BCA8043D05A9,sig_bow_flame2
6653BDA8043D075C,sig_bow_flame5
6653BEA8043D090F,sig_bow_flame4
666C2A669C39F9E8,zombie_perk_totem_staminup
669BED7386796B18,tr_powersemi_t8_zm
66A602738681E34C,tr_powersemi_t8_wz
66BAF073869420C0,tr_powersemi_t8_mp
675E85B293A65C14,land_mine_cp
677A2A35CFD1239C,zombietron_fireball_weapon_gravity
67C945C5862BD2AE,smoke_center_mp
67C9697726F33A43,eq_smoke_mp
67F88DBC909E85F8,inventory_napalm_strike
681DC907585A6833,counteruav_mp
686FEBB191BA3386,eq_collapse_grenade_wz
68A80332D77D3FAA,straferun_gun_mp
68AB71FB68ADD07D,execution_hatchet
68FFD1CA728B067A,pistol_shotgun_t9_dw_upgraded
6919C1F53A263C86,ar_peacekeeper_t8_mp
693EBEF53A4553AA,ar_peacekeeper_t8_zm
69461751FA492EA4,ww_axe_gun_melee_t9
6963CFF53A648CCA,ar_peacekeeper_t8_wz
69868331B3D3CEC2,smg_spray_t9
69B063D245EAB917,wraith_fire_fire_wall_zm
69C7793A94F37A15,spoon_alcatraz_zm
69DC7AD246101B17,wraith_fire_fire_wall_wz
6A40892D11E16A06,zitem_rocketshield_part_1_zm
6A4AAD7BF9FDD82A,ww_tricannon_water_t8_upgraded_zm
6A4F6AD766ABD5F7,zombie_builder
6A688F0CBB8CF3AB,sniper_damagesemi_t8_mp
6A87AD33AB2082C5,zombie_perk_totem_electric_burst
6AA29A0CBBBE7EA3,sniper_damagesemi_t8_zm
6AB3890CBBCCD4F3,sniper_damagesemi_t8_wz
6AB9C2AAF6BDF385,eq_tripwire_anims_mp
6ADBC8AAF6DAE41D,eq_tripwire_anims_wz
6BB91D7AE16BB793,lmg_light_t9_upgraded
6BBDAD02D336F2E5,ar_modular_t8_gold_wz
6BC98C4C2176F9B8,zhield_riot_dw_zm
6BE4B4A0684421C3,smg_drum_pistol_t8_upgraded_zm
6BEFA4E45EEF7681,notdowned_mp
6C119AE45F0C4BE9,notdowned_wz
6C8357B4C7A3FD2E,smoke_center
6D4B1A6A7CC31E1C,eq_concertina_wire_mp
6D6D1C6A7CE007E8,eq_concertina_wire_wz
6D9B84EDA0C00E8B,smart_cover_detonator_mp
6DB466A1EAEC207F,eq_shroud_mp
6DE67EEDA0FFEFD3,smart_cover_detonator_wz
6E0B27B854E591A3,ww_ieu_gas_t9
6E1B405FE2E83B3C,zhield_zword_turret_upgraded_zm
6E23E161136FF6F3,tundragun_zm
6E52EB319013E6AC,ww_crossbow_charged_t8_zm
6E88C5328AF19DC4,zitem_rocketshield_part_3
6E88C6328AF19F77,zitem_rocketshield_part_2
6E88C7328AF1A12A,zitem_rocketshield_part_1
6EFBCD27595B245D,zombietron_launcher
6F04C3247C0717B1,zombie_builder_zm
703EB1B835B3361F,sticky_grenade
705984E75BCC4C8D,hero_sword_pistol_lh_lv2_zm
707F69E75BECEDE9,hero_sword_pistol_lh_lv2_mp
71BE24EC82FD7CD2,hero_sword_pistol_lh_lv1_zm
720537EC83399FBE,hero_sword_pistol_lh_lv1_mp
721BD01EFEC90239,ac130_chaingun
72550FD24EEDE748,zitem_platinum_klaus_helm_part_2_zm
727B53ABB2482C62,execution_fireaxe
72E4539E5D683717,sniper_mini14_t8_gold_wz
736A629BEEF64A21,zitem_silver_bullet_part_3_zm
73ADA1CC177C3F98,ww_hand_h_uncharged_zm
73C6D3D77629DF15,zitem_platinum_klaus_helm_part_3_zm
73E12B88C708560F,smg_handling_t8_dw_wz
73EB1488C710837F,smg_handling_t8_dw_zm
74124298E23F9A17,ww_hand_g_uncharged_zm
747DE96E67FDFA0B,melee_amuletfist_t8_mp
74C8E36E683DDB53,melee_amuletfist_t8_wz
7563D8D066991BC4,pistol_fullauto_t8_oic_mp
758EE9FC6BC8982D,ar_doublebarrel_t8_zm
759FD4FC6BD6E7B1,ar_doublebarrel_t8_wz
75B4CEFC6BE93989,ar_doublebarrel_t8_mp
762AB59305BA3B92,pistol_fullauto_t9_upgraded
76AAEA267598BABF,ray_gun_mk2y_charged_zm
76F82DF9C289D05C,ar_accurate_t8_swat_mp
77BD5473D6F16F10,stake_knife_flourish_zm
786E59E19CAE3F38,gadget_medicalinjectiongun_mp
788C96E19CC7A46E,gadget_medicalinjectiongun_t9
78977245B7C1E754,ar_galil_t8_gold_wz
78A35DA92BD92644,napalm_strike_fire_water
7944F78A8D729694,smg_handling_t8_lh_mp
7977DC8A8D9DC24C,smg_handling_t8_lh_zm
799DE98A8DBEA7A0,smg_handling_t8_lh_wz
79D1F7E348C145A1,pistol_topbreak_t8_upgraded_zm
7A0CEABF0B80DFBD,melee_mace_t9_upgraded
7A5ABEA43688032C,zitem_zhield_zpear_part_3_zm
7A7BD99AB5E9BD82,shotgun_fullauto_t9
7A8DFA2418A60C30,inventory_sig_bow_flame_alt2
7A8DFB2418A60DE3,inventory_sig_bow_flame_alt3
7A8E002418A61662,inventory_sig_bow_flame_alt4
7A8E012418A61815,inventory_sig_bow_flame_alt5
7A910D220F3767FA,knife_loadout_upgraded
7A9D35A0F888B881,smg_flechette_t9
7B24D0D0D2823BCA,ac130_autocannon
7B84935D60AC106B,zombie_perk_totem_zombshell
7BCD55AE02256CB6,null_offhand_secondary_mp
7BEEA4D76271620D,zitem_acid_gat_part_1_zm
7CC2101CD4FB5CF8,hero_chakram_lh_lv3_zm
7CE1131CD51612A0,hero_chakram_lh_lv3_mp
7CF488C3E7D7D193,zombietron_ray_gun_2
7CF489C3E7D7D346,zombietron_ray_gun_1
7D5344DC89A29252,zitem_acid_gat_part_2_zm
7D548E7D0B888D62,player_air_vehicle1_main_turret_3rd_person_swat
7DDAD715EA3E6421,bowie_knife_vomit_zm
7F3282A960A723F9,zitem_zhield_zpear_part_2_zm
7F58F1D345F5CC79,blue_nova_crawler_projectile_zm
7F5A36C91B249E73,zombietron_impaler_1
7F5A37C91B24A026,zombietron_impaler_2
7FA5047065CD92BA,sticky_grenade_extra_zm
7FDFD93AC9369655,lmg_stealth_t8_gold_wz
801B4F20B8D6F143,tr_powersemi_t8_operator_wz
8062A2088C3368EA,inventory_recon_plane
809FF834324DFAF5,sig_bow_quickshot4_mp
80B3CED20FBF223E,zombie_perk_bottle_death_perception
80E28D994EB1A693,shotgun_fullauto_t9_upgraded
80FED1D37EB0C62B,launcher_standard_operator_t8_wz
8164C43CBD0EE958,aether_shroud_1
8164C63CBD0EECBE,aether_shroud_3
8164C73CBD0EEE71,aether_shroud_2
8164C83CBD0EF024,aether_shroud_5
8164C93CBD0EF1D7,aether_shroud_4
816C2BAEB34528D7,pistol_fullauto_t9_lh_upgraded
8176206BA12C4C42,hero_minigun_t8_lv3_mp
81B7156BA163D086,hero_minigun_t8_lv3_zm
81EE22B08260BFD2,tr_powerburst_t9_upgraded
8206FCD2DD46A1BD,ray_gun_mk2x_dw_zm
8238573DFB389AA7,zitem_white_mmtd_part_1_zm
82651B3623C8008B,blight_father_melee_mp
829AB150F9F8964F,dropkick_weapon
82DE6F2FB4EB1529,gun_missile_turret
82EED670C86E4AF3,hero_minigun_t8_lv2_mp
83005FAF2C4B49F3,tr_midburst_t8_zm
83116EAF2C59D6A3,tr_midburst_t8_wz
8324DD1BB71A5659,sig_blade_wz
8328F170C89FF11B,hero_minigun_t8_lv2_zm
833374AF2C76C73B,tr_midburst_t8_mp
836FE71BB75A52D1,sig_blade_mp
843DC94DD9EFFF24,zombie_perk_bottle_deadshot
84557BD9F04730CB,inventory_helicopter_guard
8472E993181F32A0,inventory_napalm_strike_zm
84AC2E1E7B078EF3,ar_season6_t9_upgraded
84CB501299914890,pistol_fullauto_t9_dw_upgraded
850B0E51C3FD5BDA,special_ballisticknife_t8_dw_zm
8530FF51C41E119A,special_ballisticknife_t8_dw_wz
8552F151C43AE036,special_ballisticknife_t8_dw_mp
85DCAB5F20A61B01,amws_gun_turret_mp
86753F2CEC089829,eq_gravityslam_mp
86A54F2CEC31D71B,eq_gravityslam_ct
86A86D87DD900756,bare_hands_bounty_mp
86CF4EEBD901DB42,smg_accurate_t9_upgraded
87008465D543F5EE,ar_soviet_t9_upgraded
8726A96C6B362512,ww_tricannon_t8_upgraded_zm
873488F84D33DAC8,ability_dog_mp
875A109F4BDA3D85,pistol_burst_t8_gold_wz
879A3B93EE57B1B1,tr_powersemi_t8_gold_wz
87D0C261F963F6FD,hero_annihilator_oic_mp
8827574A159AA228,frag_grenade_wz
88384A4A15A8FF44,frag_grenade_zm
8941005E056449B4,ww_ieu_gas_t9_upgraded
89848DBFEC6A8682,eq_tripwire_mp
89CE8BBFECA8BB96,eq_tripwire_wz
8AC86D29509A8939,ww_ray_rifle_t9_alt
8AFC54C17A3E4959,inventory_planemortar_mp
8B2B8F5392318A17,lmg_stealth_t8_operator_wz
8B434FC17A7A437D,inventory_planemortar_zm
8B4A6A030CE1282C,inventory_straferun_mp
8BBE0E892C72AF46,ar_accurate_t9_upgraded
8CC26AAD025769C2,lmg_double_t8_mp
8CEA04E3E3BCD0FB,eq_wraith_fire_extra_zm
8D035FAD028EEE06,lmg_double_t8_zm
8D0D68AD029751D6,lmg_double_t8_wz
8D319A123A19E3E7,ww_tricannon_air_t8_upgraded_zm
8D8BF08126FCEE6B,zhield_frost_lh_zm
8DD7FCA1505093D9,tr_leveraction_t8_mp
8E05573F43227614,ar_stealth_t8_operator_wz
8E0C9777763ABFF5,mimic_melee
8E1EF7A1508C8DFD,tr_leveraction_t8_zm
8E3002A1509B13E1,tr_leveraction_t8_wz
8E58E352069BC0A5,pistol_semiauto_t9_upgraded
8EC08D0D8057494C,bowie_flourish_story_1_zm
906CEC8C2246BC87,ww_tricannon_earth_t8_upgraded_zm
90927835E53FBD02,ghost_train_fire_zm
9098122A83B9026B,ultimate_turret_mp
909F4C7C31545384,acog_sniper_powerbolt_t8_upgraded_zm
919607358AD0ADF5,tr_precisionsemi_t9_upgraded
91C57A725CDF97C4,tomahawk_t8_wz
91D566CA27A342B2,shotgun_leveraction_t9
91DB472F0E89AC5C,homunculus_zm
91F165725D04AF00,tomahawk_t8_zm
9201342F0EAA5B50,homunculus_wz
92DF2A6ECC1E31F1,hero_bowlauncher3_mp
92E1019CA74F5D53,ray_gun_mk2x_zm
92F078DDC9B913C3,nightingale_zm
92F2109CA75DEA03,ray_gun_mk2x_wz
93188921C711B031,zitem_rocketshield_part_2_zm
931A672D67787B26,ww_mega_barrel_fullauto_diffusion_beam_t9
9329524ED2F13007,pistol_revolver_t9_lh
9371D83FAC514D34,perseus_bolt_projectile_zm
9384DDFE5D885112,ww_blundergat_acid_t8_upgraded_zm
93C5628D2E8DE172,ww_mega_barrel_fullauto_blazer_beam_t9_upgraded
94460453F9E4C93F,pistol_revolver_t8_wz
94500D53F9ED2D0F,pistol_revolver_t8_zm
949E0A53FA2F4947,pistol_revolver_t8_mp
9685BE38C21F1042,inventory_ultimate_turret
968B5CA8E9A283E6,tr_damageburst_t8_mp
96A16DC2653DA4A8,incendiary_fire_zm
96B159A8E9C34E0A,tr_damageburst_t8_zm
96D66AA8E9E2872A,tr_damageburst_t8_wz
972084186ED5D2EF,zombie_perk_totem_death_perception
975DF87563AEEA4E,dog_ai_defaultmelee_mp
9771F67563BF8FF2,dog_ai_defaultmelee_wz
9783057563CE1CA2,dog_ai_defaultmelee_zm
97D0948B70638419,zitem_office_trap_battery_part_1_zm
983195662D9FF66B,zombietron_lmg
98A2B66939A974A1,special_crossbow_t9
98B487E502FFCB22,inventory_sig_bow_flame_alt
98D68BC0FBCA0374,eq_nesting_doll_grenade_takeo_zm
98D7B9252DC864A5,zombie_perk_bottle_tombstone
990C73DC10DD5998,hero_sword_pistol_lh_lv3_mp
995B60DC11210DA0,hero_sword_pistol_lh_lv3_zm
998D7067115D11D4,smg_handling_t8_upgraded_dw_zm
99987D196B3B1C05,shotgun_trenchgun_t8_mp
99B38048511326B7,shotgun_pump_t8_mp
99BBFDB4FEDE71FC,hero_sword_pistol_lv2_mp
99C470196B6040D9,shotgun_trenchgun_t8_zm
99C77A485123C58F,shotgun_pump_t8_wz
99D16348512BF2FF,shotgun_pump_t8_zm
99EEF2B4FF09B8E4,hero_sword_pistol_lv2_zm
9A0D418EDF2D2148,explodable_barrel_mp
9A236A40AA917C34,eq_frag_grenade_extra_zm
9A451D00E6F15C37,tr_fastburst_t9_upgraded
9AED76ADC542D15D,smg_handling_t8_mp
9B1979ADC5681161,smg_handling_t8_zm
9B466CADC58EE935,smg_handling_t8_wz
9C1C8C36AA65A855,eq_seeker_mine_mp
9C50DD05EA20C755,waterballoon_wz
9C6B5E90A4498E94,zitem_silver_bullet_part_2_zm
9C6CF6123788CF3E,pistol_fullauto_t9_lh
9C881112379FC4D7,pistol_fullauto_t9_dw
9CBAA6657BED0872,tr_midburst_t8_operator_wz
9CBF3186A9A99A8A,basketball_wz
9D04D1F6697E589E,bowie_flourish_silver_zm
9D58C6214174D3D8,gadget_medicalinjectiongun
9D5DC97A66EF593D,remote_missile_missile_mp
9E04F6F27B705238,smg_capacity_t8_wz
9E1609F27B7EE5B4,smg_capacity_t8_zm
9E4EF4F27BAE874C,smg_capacity_t8_mp
9E76EFA8D889A442,execution_bow
9E9CC6FD3D4CA8F9,sig_bow_flame_alt
9EA8AEA0A73BFEA3,shotgun_leveraction_t9_upgraded
9EC557912D16A338,inventory_hero_annihilator
9EDDF58118631795,zhield_spectral_dw_upgraded_zm
9EEA27E1A6A187BD,lmg_double_t8_upgraded_zm
9F246E732698EDC9,ww_tesla_gun_t8_zm
9F48092B20589001,pistol_fullauto_t9
9F564F586C2EC416,special_nailgun_t9_upgraded
9F85651F0EE41DB5,seeker_mine_arc_mp
9F874B9A1D956661,hero_gravityspikes_t8_lv2_mp
9FCF569A1DD32EB5,hero_gravityspikes_t8_lv2_zm
A025267EA3980087,zitem_riotshield_part_2_zm
A0707E68C6537BCB,special_ballisticknife_freezing_t8_dw_zm
A076E0198B733341,sniper_powersemi_t9_upgraded
A0E33D8FC73833A5,molotov_fire_wall_mp
A0E70FEA5C05962F,zitem_platinum_klaus_helm_part_1_zm
A105438FC755243D,molotov_fire_wall_wz
A10F308FC75D5879,molotov_fire_wall_zm
A189643E0691E777,avogadro_ai_defaultmelee_zm
A26CA710927757E2,execution_kukri_dw
A28AB35AF2DAE712,lmg_juggernaut_t9
A2AE60246B483A43,melee_machete_t9
A2C126E896AA89A6,zombie_perk_totem_dying_wish
A2D1E4B32D842AE4,zombie_fists_bowie_story_1_zm
A2DC11075B03AC32,lmg_slowfire_t9_upgraded
A3139323EE602453,apc_cougar_camera
A3A0EA45C29C6310,pistol_topbreak_t8_lh_upgraded_zm
A3D312E25459B4C9,turret_bo3_mil_vtol_nrc
A3DD6039FE2F36C6,molotov_fire
A3FFC8A19EEA87FF,zombie_perk_bottle_cherry
A49A7701A5697C95,zombie_perk_totem_winters_wail
A4CE62991058C66C,shotgun_pump_t8_gold_wz
A63FF56F4175E9F2,remote_missile_bomblet_mp
A67ACE8C23D1EBC0,special_crossbow_t8_sas_mp
A6F188C98C5735FC,hero_chakram_lv2_zm
A6FFB92552AE26BE,drone_squadron_turret
A72B83C98C88A5C4,hero_chakram_lv2_mp
A7DDFBCF7111C2FB,launcher_standard_t9_duga
A80137DAA841C130,shotgun_fullauto_t8_gold_wz
A87BA8653795B277,sig_lmg_mp
A8A15B3EF401ED10,ray_gun_mk2z_upgraded_zm
A94926D598E011FA,ww_ieu_shockwave_t9_upgraded
A9B1A2C461ED0EAF,claymore_zm
A9D59B2D895C390D,zitem_white_mmtd_part_3_zm
AA55BA0B42AC91B2,zitem_orange_dynamite_bomb_part_1_zm
AA6EE75B355C4023,lmg_standard_t8_gold_wz
AA8E41925A89363C,gegenees_golden_spear_projectile_zm
AAAAC48402D446DD,ww_blundergat_fire_t8_upgraded_zm
AACBC4884E45A31E,zhield_lh_zm
AB25B6B6A2025982,smg_accurate_t8_wz
AB294423C2ED73B7,sig_bow_quickshot2_mp
AB36A5B6A210AFD2,smg_accurate_t8_zm
AB61D2BF5DE57F94,hero_flamethrower_mp
AB7DB8B6A24CD2BE,smg_accurate_t8_mp
ABA6EF87B147DA8C,wraith_fire_fire_zm
ABBAC4BF5E3190A0,hero_flamethrower_wz
ABCBFC87B1670CE0,wraith_fire_fire_wz
AC1164A111243814,planemortar_mp
AC2658EE919B03B2,hero_hammer_lv1_zm
AC2A21A89AA251F0,tr_midburst_t8_gold_wz
AC57B4482FBB2525,inventory_helicopter_comlink_mp
AC6E6BEE91D8D99E,hero_hammer_lv1_mp
AC6F972743E02431,ww_hand_c_zm
AC9FCCCED4A30DB5,zhield_zpear_turret_zm
ACE3D130A2776A32,pistol_burst_t9_dw_upgraded
ACF257EAFC6EC936,ar_fastfire_t9_upgraded
AD010228EA801484,sig_bow_quickshot5_mp
AD0C14DCE5A6EBED,ww_mega_barrel_fullauto_copycat_t9_upgraded
AD84F8802BAF21B2,zhield_zword_lh_upgraded_zm
AD91AB3A09F2FA29,ar_british_t9_upgraded
ADB7D00E072CA36F,zombie_perk_bottle_cooldown
AE02E113CB1B4086,zombie_perk_totem_ethereal_razor
AE3216F365EECF65,lmg_standard_t8_operator_wz
AE85CC3C8CA1E315,inventory_nuke
AF14933F9C381974,frost_blast_5
AF58F8927EF53DBF,execution_rottweiler
AF82AAEB2D3C6F0D,sniper_quickscope_t8_zm
AF9395EB2D4ABE91,sniper_quickscope_t8_wz
AFA88FEB2D5D1069,sniper_quickscope_t8_mp
AFC08852F394E718,ww_hand_c_charged_zm
AFD630B6C3F38193,melee_baseballbat_t9
B066555AA3AF79A2,clean_drop_mp
B089757A990E0F6C,zipline_t9
B0C16B73E79D048F,inventory_dart_mp
B0F7D30540D3A9F1,drone_squadron_mp
B19B3EBB72C381C9,pistol_revolver_t8_oic_mp
B1CBF6C78AF231E7,pistol_shotgun_t9
B27F44D7AD2205AC,inventory_uav_mp
B369B0D9E82D6A7D,turret_vehicle_boct_mil_truck_cargo_wz
B3DB9F24776C6D4E,hero_flamethrower_t8_lv2_mp
B3F8277C32C07D53,eq_slow_grenade_ph_mp
B400AC24778B9FA2,hero_flamethrower_t8_lv2_zm
B4575452EBA07C65,smart_cover_detonator
B4589063D8A49594,melee_mace_t9
B4AA7F22ADAE7E00,zombie_perk_totem_death_dash
B4B7EB9FDE56BD35,eq_frag_grenade
B55CAAA1E2F55848,trophy_system_spy
B57E452940A24480,zitem_traps_hellpools_part_1_zm
B584F5F92982D8D5,inventory_overwatch_helicopter_mp
B58C897E7933967F,melee_club_t8_wz
B5E58F7E797FC987,melee_club_t8_mp
B617A39A3005B085,lmg_spray_t8_operator_wz
B63AAF4F01D29134,tr_longburst_t8_gold_wz
B6B90DCBB03BCF32,bowie_flourish_zm
B6D39EBC29109D2D,item_supplydrop
B7240CCE6BC55A14,smg_folding_t8_gold_wz
B766110FAA86CBF9,cobra_20mm_comlink_cp
B76F685BE7B8296D,cobra_20mm_mp
B76FDA1D7B7E8B35,zhield_frost_turret_zm
B796250FAAB011B7,cobra_20mm_comlink_mp
B79869D5B6DA974B,heal_aoe_1
B7986AD5B6DA98FE,heal_aoe_2
B7986BD5B6DA9AB1,heal_aoe_3
B7986CD5B6DA9C64,heal_aoe_4
B7986DD5B6DA9E17,heal_aoe_5
B84E410AB74764DF,zombie_perk_bottle_widows_wine
B86308ED987052A4,ww_mega_barrel_fullauto_copycat_t9
B88045C1AD0085DE,helicopter_comlink_mp
B93445A20D23A495,turret_boct_train
B948C811380FCD46,zitem_silver_molten_part_3_zm
B97678556543F633,hero_katana_t8_lv3_mp
B9B0935565759C5B,hero_katana_t8_lv3_zm
B9CBEA5F680F520E,swat_grenade_payload_mp
B9D9872F842AEFEA,gadget_radiation_field_mp
B9DFE85F681FF7B2,swat_grenade_payload_wz
BA1645E1F143DD64,zitem_tricannon_upgrade_part_3_zm
BA3D588C353B850D,ray_gun_mk2z_wz
BA47658C3543EFA9,ray_gun_mk2z_zm
BA4D420490E91E6A,zombie_fists_bowie_zm
BA7A267F7E73C03C,zitem_orange_heat_pack_part_1_zm
BA8CABA79A056FC4,launcher_standard_t9_upgraded
BA9E3B80897FD78E,spectre_grenade_wz
BAD944DEB1B3A6DD,zombie_perk_totem_stronghold
BB007265FE6119A9,sniper_quickscope_t9_upgraded
BB340DA74834FB7B,ww_tricannon_water_t8_zm
BBBF0A91290C783E,zitem_orange_heat_pack_part_3_zm
BBD1507FFA1FBEEB,execution_chain
BBDA1463816CEC20,hero_bowlauncher2_mp
BC766FDBF47C6BB2,sig_minigun_alt_mp
BCDC399CB5F2733E,zhield_spectral_dw_zm
BD78330214D4D0CF,ww_hand_h_charged_zm
BDE3D523512F7CBC,remote_missile_zm
BDF82D524851AFEE,special_ballisticknife_t9_lh
BE060E0B6DEE1C4C,shock_rifle_mp
BE13285248686F27,special_ballisticknife_t9_dw
BE1DD0235160EC84,remote_missile_mp
BE2698DFC2A2EF1A,eq_nesting_doll_grenade_rich_zm
BE4E4F6831A18917,melee_scythe_t9_upgraded
BE87BCBD5E2029D6,buildable_piece_zm
BE97A26954C113B4,hatchet_wz
BED8AC521638597A,melee_sai_t9_dw_upgraded
BEE1A06954FF48C8,hatchet_mp
BF3230DAF2378C17,amws_launcher_turret_mp
BF47E8BE065A0DC0,melee_infected_knife_t9
BFF57B92F41FAA6E,ww_tricannon_fire_t8_zm
BFFB903DDBF46027,ww_crossbow_t8_zm
C027873DDC198BC7,ww_crossbow_t8_wz
C02BE1E1B36601E7,gadget_spawnbeacon_mp
C02C8A13BBA6323E,sniper_quickscope_t8_gold_wz
C0A11CA4961BB778,special_recurvebow_t9_2
C0A11DA4961BB92B,special_recurvebow_t9_3
C0A120A4961BBE44,special_recurvebow_t9_6
C0A122A4961BC1AA,special_recurvebow_t9_4
C0A123A4961BC35D,special_recurvebow_t9_5
C0B88B747E9F500E,dog_ai_defaultmelee
C0E54F372602EA70,ww_tesla_gun_t8_upgraded_zm
C143A2B750748E33,inventory_remote_missile_mp
C17DBDB750A6345B,inventory_remote_missile_zm
C181C901AFD48411,sig_blade_projectile_mp
C190425C961246B7,inventory_hero_flamethrower
C19251369EF09626,equip_gold_container_zm
C2091433870F2E63,ww_blundergat_acid_t8_zm
C212A62104D3EB26,zombie_perk_bottle_bandolier
C217B491D051A04E,zitem_office_trap_battery_part_2_zm
C25D30988382A9CA,hero_bowlauncher4_mp
C34EF9C4B81E97B4,sniper_locus_t8_mp
C381DEC4B849C36C,sniper_locus_t8_zm
C3A6EBC4B868F5C0,sniper_locus_t8_wz
C3D06C2D7BA1EAC4,pistol_topbreak_t8_oic_mp
C3E322396554DAC0,frenzied_guard_5
C3E323396554DC73,frenzied_guard_4
C3E326396554E18C,frenzied_guard_1
C3E328396554E4F2,frenzied_guard_3
C3E329396554E6A5,frenzied_guard_2
C3EDA28032566542,zitem_silver_bullet_part_4_zm
C40149C36C45E687,shocked_hands_mp
C40F94A23ACBFAAF,ar_fasthandling_t9_upgraded
C4589B0D859300E5,lmg_accurate_t9_upgraded
C4CEC6CD46D6990A,melee_cane_t9_upgraded
C4FE0E06EC7D3B8E,pistol_fullauto_t8_mp
C5120C06EC8DE132,pistol_fullauto_t8_wz
C5231B06EC9C6DE2,pistol_fullauto_t8_zm
C5FEE366C74AE3C3,zhield_zword_lh_zm
C6125FD7F3AD4B82,zombie_fists_new_zm
C659DBCC6045CA33,ultimate_turret_deploy_mp
C72D3AC4F428D696,zombie_fists_bowie
C76852F927C4BE8C,melee_bowie_bloody_wz
C77C40F927D54900,melee_bowie_bloody_mp
C7FAEFBD3FE7FED0,ray_gun_mk2_upgraded_zm
C861C1D79609C1F1,zombie_perk_totem_deadshot
C87DF7CD0C1F3A73,hero_sword_pistol_lv1_mp
C8B812CD0C50E09B,hero_sword_pistol_lv1_zm
C90F76C5D6979055,ww_hand_o_zm
C9294AEFA489B277,cobra_20mm
C93A74B22428F3AD,syrette_zm
C93FC891E20B4F8A,ww_ray_rifle_t9_alt_upgraded
C94B5FB224374331,syrette_wz
C9584349D375280D,eq_smoke
C9AE14ADFE946918,smg_thompson_t8_mp
C9C2407C47316D6A,zitem_office_teleporter_modifier_part_3_zm
C9DACAE7558EF67E,pistol_revolver_t8_operator_wz
C9DF56A07D91D21A,hero_gravityspikes_t8_lv1_zm
C9FD01ADFED81D20,smg_thompson_t8_zm
CA2639A07DCDA376,hero_gravityspikes_t8_lv1_mp
CA4260030869CE5A,execution_kukri
CA46BF9BC35095FE,zombietron_ray_gun
CA49EF3006B2B7B8,claymore_extra_zm
CA57B873872B7300,zitem_white_bear_bomb_part_1_zm
CA7D691A4877D20E,melee_demohammer_t8_mp
CA91671A488877B2,melee_demohammer_t8_wz
CAC3FEA4ADD2A2C9,energy_mine_5
CB0111684CA60F01,supplydrop_mp
CB2FA713B3ED11D3,hero_minigun_mp
CB481C684CE22455,supplydrop_zm
CBA57E1AB543AE5A,ww_blundergat_t8_upgraded_zm
CBBF7D08AE6AA3CE,zombietron_shotgun_fullauto_t9
CC8C0A735BCE4532,zitem_riotshield_part_3_zm
CCB1D055C485EBDC,zombie_perk_bottle_doubletap
CD067A80D300C262,sniper_mini14_t8_wz
CD176980D30F18B2,sniper_mini14_t8_zm
CD26FE8A4C3A8340,pistol_shotgun_t9_upgraded
CD4AFF017C2E2E9C,ww_hand_g_upgraded_zm
CD5F7C80D34CEE9E,sniper_mini14_t8_mp
CD7500AD48E93A1F,bowie_knife_story_1_zm
CD8B07EFDE79FB03,ar_slowhandling_t9
CE53AE39DCB1E254,molotov_fire_tall_mp
CE869339DCDD0E0C,molotov_fire_tall_zm
CEABA039DCFC4060,molotov_fire_tall_wz
CEB0747E02615C23,zhield_riot_lh_zm
CEC984C64FE2E176,inventory_recon_car
CF79C9E1C53FA6A3,zombietron_shotgun_fullauto_t9_2
CF79CAE1C53FA856,zombietron_shotgun_fullauto_t9_1
D0043558A296E3DB,zombie_perk_bottle_ethereal_razor
D06A6D02304FE510,gadget_icepick_mp
D10EEA4F2942CF3E,sig_bow_flame_alt3
D10EEB4F2942D0F1,sig_bow_flame_alt2
D10EEC4F2942D2A4,sig_bow_flame_alt5
D10EED4F2942D457,sig_bow_flame_alt4
D1FEC66E67EDEB3E,ww_crossbow_t8_upgraded_zm
D2D777223EB0FA20,zitem_white_mmtd_part_2_zm
D31DDC1A739E36D5,pistol_shotgun_t9_lh_upgraded
D3C354BAEA065AC2,straferun_gun
D41CBCEB633D12A3,eq_crystal_grenade
D4232E18783A7AE6,sig_bow_quickshot3_mp
D4758CCFEF054689,hero_chakram_lv3_zm
D4B679CFEF3CBD35,hero_chakram_lv3_mp
D503C40EC4F51B4D,zhield_riot_turret_zm
D5207E721A7CB886,gadget_combat_efficiency_mp
D5396ABB866A25FE,wraith_fire_fire_tall_wz
D56661BB8691049E,wraith_fire_fire_tall_zm
D5C23F24D806E3A6,special_gunless_t9
D6AB98B062ADB7F5,shotgun_semiauto_t8_gold_wz
D6AF9F63B5A81339,execution_rcxd
D6FCC7ED7A187AEE,flare_gun_wz
D713EA534AE6A6C7,dualoptic_sniper_powerbolt_t8_upgraded_zm
D78FAB7F7B2DB478,ar_slowfire_t9
D7FCBFF622B2AD9F,tomahawk_t8_upgraded_zm
D85518B40550CCA5,zombietron_pineapplegun
D918790D6BF1A554,helicopter_gunner_turret_secondary
D9391344A9D48E5C,execution_klaus
D989367244AE779C,pistol_revolver_t8_gold_wz
D989FB7BFA483194,lmg_heavy_t8_mp
D9BCE07BFA735D4C,lmg_heavy_t8_zm
D9DA21528D07A9FA,molotov_fire_small
D9E2ED7BFA9442A0,lmg_heavy_t8_wz
DA0C9C99CD4DF553,ww_crossbow_charged_t8_upgraded_zm
DA37062F95F531D1,smg_standard_t9_upgraded
DAF2F3B24D1D81B7,tr_longburst_t8_zm
DAFD3B0CDD1BA8FD,proximity_grenade_mp
DB10080871AD106C,gun_mini_turret_zm
DB1F0AB24D42E3B7,tr_longburst_t8_wz
DB2A3E0CDD429C01,proximity_grenade_zm
DB4100B24D5FB91F,tr_longburst_t8_mp
DBEA89D3C386CEBA,smg_fastfire_t8_zm
DC0EA723DD93CA1B,snowball_yellow_upgraded_zm
DC0F7AD3C3A5D17A,smg_fastfire_t8_wz
DC316CD3C3C2A016,smg_fastfire_t8_mp
DCA4500B8F32B76E,thundergun_upgraded_zm
DCA669C5A57685DE,pistol_semiauto_t9_lh_upgraded
DCBDD004A49B685A,sig_minigun_mp
DCC891192CAEF7B9,hero_flamethrower_t8_lv1_mp
DCF2E7E22055DC9A,ar_an94_t8_zm
DD0F8C192CEAF1DD,hero_flamethrower_t8_lv1_zm
DD17D8E22074DF5A,ar_an94_t8_wz
DD39CAE22091ADF6,ar_an94_t8_mp
DD61FF0E9733E8B6,zhield_spectral_turret_upgraded_zm
DD6FAFED250CE189,proximity_grenade_aoe_mp
DD8476EB5E42F4B9,dualoptic_lmg_standard_t8_upgraded_zm
DE1E882AD7564337,hero_flamethrower_t8_lv3_zm
DE5BE2A7B2AC422E,supplydrop_marker_mp
DE6C952AD7987A9F,hero_flamethrower_t8_lv3_mp
DE7AB1D3DBEC9AB1,zombie_perk_bottle_jugg
DE8197744E7DBA20,pistol_revolver_t9_lh_upgraded
DEBBDE71E79473BD,execution_pistol
DED9C612E9B0A2E6,zombie_perk_totem_quick_revive
DF0CE477DA7533EC,pistol_shotgun_t9_lh
DF1D39574585B511,smg_accurate_t9
DF27EB77DA8C0789,pistol_shotgun_t9_dw
DFD810D5A3B0164F,tr_flechette_t8_mp
DFF623D5A3C93427,tr_flechette_t8_zm
DFFC43A1830221FE,galvaknuckles_t8_flourish_zm
E00229C217C6C6A5,zitem_silver_aetherscope_part_2_zm
E0086EDEFCC71127,spider_turret
E017E92B40590EDA,zitem_red_strike_part_2_zm
E01C4A2CD6FABEDC,ww_random_ray_gun1_zm
E0221AD5A3EE5FC7,tr_flechette_t8_wz
E026970A561F83FC,hero_scepter_lv3_zm
E042372CD71B6DD0,ww_random_ray_gun1_wz
E060920A5650F3C4,hero_scepter_lv3_mp
E0856F188AA19D7F,frag_grenade_bb_mp
E1091E739853C12B,willy_pete_wz
E117B744F36B74F1,hero_katana_t8_lv1_zm
E12A3485CC66289A,inventory_sig_bow_flame
E12F0F73987476EB,willy_pete_zm
E1444595DD19236E,lmg_standard_t8_wz
E14D7FE873107CB1,smg_minigun_t8_zm
E157D444F3A18A2D,hero_katana_t8_lv1_mp
E1612E3E819376DE,ww_random_ray_gun3_zm
E1621473989FD903,willy_pete_mp
E1705C95DD3E856E,lmg_standard_t8_zm
E17992E87335D7E5,smg_minigun_t8_wz
E189A5306794F90F,zitem_red_strike_part_3_zm
E18E9CE8734844ED,smg_minigun_t8_mp
E19C5795DD63B7DA,lmg_standard_t8_mp
E19CF7DF72A10A39,scavenger_item_wz
E1B3E2EFA78EA114,melee_machete_t9_upgraded
E1E0F5DF72DAD39F,scavenger_item_cp
E1E701DF72DF53B1,scavenger_item_mp
E1E76B9C50CC0C9A,special_grenadelauncher_t9_upgraded
E220375DFBA5CF7D,zitem_gold_charged_power_cell
E22C992C8FB19257,pistol_standard_t8_oic_mp
E2BD8B12BB296479,smg_vmp_t8_wz
E2D2EA43A8CF6113,ww_random_ray_gun2_zm
E2E38012BB4A2105,smg_vmp_t8_zm
E3089512BB6960F1,smg_vmp_t8_mp
E30E88A62AED5214,ar_modular_t8_mp
E31A4FC6401A7656,zitem_zhield_zword_part_1_zm
E32154E165FCE00C,melee_coldwar_t9_lh_upgraded
E3416DA62B187DCC,ar_modular_t8_zm
E3677AA62B396320,ar_modular_t8_wz
E3AAD3BC732F36CD,amws_launcher_turret_mp_player
E436CDB615A2BB79,smg_fastfire_t9
E460CE18BA7BACA4,zombie_perk_bottle_sleight
E48018509526325B,zombie_perk_bottle_additionalprimaryweapon
E48A6A2D19A6D034,zombietron_pineapplegun_2
E48A6D2D19A6D54D,zombietron_pineapplegun_1
E491961C0365AEEA,hero_scepter_lv1_mp
E4971CE369439ED3,eq_localheal_mp
E4D17B1C039B64FE,hero_scepter_lv1_zm
E4E822D5D624873F,straferun_rockets_mp
E518B25EE10D7F7E,melee_scythe_t9
E5625711C99D455F,zhield_spectral_turret_zm
E5DE04D6D3A98C2B,frag_grenade_extra_zm
E628E5B81EA9E84B,ww_blundergat_t8_wz
E64ED6B81ECA9E0B,ww_blundergat_t8_zm
E66E76B6A399635F,smg_capacity_t8_operator_wz
E681E56C3DFF742A,eq_cluster_semtex_grenade_mp
E696D36C3E11B19E,eq_cluster_semtex_grenade_wz
E69721B4B1A2A5AF,ww_tesla_sniper_upgraded_t8_zm
E7116924005B2BF8,ar_british_t9
E73C1F4737DE6BAF,smg_fastfire_t8_gold_wz
E75A319043121A4F,cymbal_monkey_wz
E7641A90431A47BF,cymbal_monkey_zm
E76D89F4D74EE486,zitem_tricannon_upgrade_part_1_zm
E7C74E9297EDE97E,ray_gun_mk2y_wz
E7D4FC759F718A27,hero_annihilator_oic
E7F445929814C81E,ray_gun_mk2y_zm
E8300174625E8C12,ar_standard_t8_gold_wz
E84744D5CBEE69C2,tundragun_upgraded_zm
E8A0894957BB1498,wraith_fire_steam_zm
E8A1C3AA7E98D10C,melee_battleaxe_t9
E8AA9E4957C38CCC,wraith_fire_steam_wz
E8C320CE6E422270,smg_burst_t9_upgraded
E92519F8483F4B66,inventory_recon_car_mp
E94908198E6E96BC,smg_cqb_t9_upgraded
E9793892571149B9,melee_cane_t9
E9B0E6F034B88066,eq_acid_bomb_mp
E9D6E3F034D94A8A,eq_acid_bomb_zm
E9FBF4F034F883AA,eq_acid_bomb_wz
EA328A4615171480,zombie_ai_defaultmelee
EAE5ABBAE9520A99,sniper_powersemi_t8_wz
EB0BA0BAE972C725,sniper_powersemi_t8_zm
EB30B5BAE9920711,sniper_powersemi_t8_mp
EB656FD1184E23EE,pistol_standard_t8_gold_wz
EBE9615B6D0EC416,ar_fasthandling_t9
EBEB3E37B43A2378,gun_ultimate_turret_mp
EC0D4037B4570D44,gun_ultimate_turret_wz
EC6C671421BC80B5,ray_gun_mk2y_upgraded_zm
ECC3B5EE3F207460,dualoptic_baseweapon_mp
ECEEED574C6C48A8,sniper_fastrechamber_t8_operator_wz
ECFC9DC10279315F,bare_hands_infected_wz
ED4147003A863D04,sniper_cannon_t9
EF132309AB0D8F31,zombie_perk_totem_bandolier
EF5E3A0E77B512DA,molotov_steam
EFB61BC95FDF307C,minigun_siege
F01E36BC9A450631,hero_sword_pistol_lv3_zm
F05F53BC9A7CCE6D,hero_sword_pistol_lv3_mp
F0898115077AA570,homunculus_leprechaun_zm
F0CB1C2DA27E0190,lmg_fastfire_t9
F12EBE79F7DA6D58,eq_wraith_fire_wz
F13FD179F7E900D4,eq_wraith_fire_zm
F15F7C6BD554FE38,zitem_office_teleporter_modifier_part_1_zm
F1609DF31B5C4447,tr_longburst_t9_upgraded
F179BC79F81A556C,eq_wraith_fire_mp
F194C5A34E898833,bowie_knife_silver_zm
F1FCBB33338E599C,lmg_stealth_t8_zm
F221A83333AD5590,lmg_stealth_t8_wz
F235B63333BE1664,lmg_stealth_t8_mp
F2796957033E2E4A,ww_ieu_plasma_t9
F296F38CF3F326AF,atv_camera_turret
F2C14C150086340C,napalm_strike_fire
F2E17D41062EEF39,snowball_wz
F3067241064DF8C5,snowball_zm
F3B55382AF4BD7AB,briefcase_bomb_defuse
F3DF3C82A6FA945F,zitem_office_teleporter_modifier_part_2_zm
F3DF7EA9EA1D864B,zitem_silver_bullet_part_1_zm
F3E4103AD6947124,ww_hand_o_upgraded_zm
F3F41AE07EF2BA54,inventory_uav
F460CB7C22923234,baseweapon_mp
F4750BEB3E7E3371,inventory_ray_gun
F4B450A90AE19285,ac130_mp
F4CAF688A6B6131B,ar_accurate_t8_gold_wz
F503C7254D19035D,sniper_powerbolt_t8_gold_wz
F54CCF41C6FA6EAD,smg_heavy_t9_upgraded
F570D1B608819BE5,ww_hand_h_upgraded_zm
F58C92F7249CD780,stoker_melee
F59E26E40C787892,ar_stealth_t8_gold_wz
F5D976F45CF2E876,zombietron_sprinkler_grenade
F628BB1CC00B3BBD,default_specialist_equipment
F67212471B52F4DF,inventory_helicopter_comlink
F6A0202013914E4C,execution_double_asp
F6E5E59B6A7D78CA,smg_fastfire_t9_upgraded
F7396EFFF4E79686,smg_season6_t9
F73A513FBAA45FB4,smg_semiauto_t9
F7F82ADF7D4872F7,smg_accurate_t8_gold_wz
F8F376EF8E52B12E,ww_hand_h_zm
F8FF2D0B4C06D856,coal_zm
F91D87DB185E6FF8,elephant_eye_projectile_zm
F96913E2736706D7,knife_loadout_mp
F9B5D77F7E29F973,zombie_perk_bottle_dying_wish
F9BB8F3FC133E266,bouncingbetty_mp
FA071B09CF16C52E,toxic_growth_5
FA071C09CF16C6E1,toxic_growth_4
FA071D09CF16C894,toxic_growth_3
FA071E09CF16CA47,toxic_growth_2
FA071F09CF16CBFA,toxic_growth_1
FA0D7B9E67A966B3,inventory_supplydrop_marker_mp
FA18238149283759,zombie_perk_totem_mule_kick
FA40DAF552C42FC0,incendiary_fire
FA6F01FAF5BDBA69,cymbal_monkey
FA827DEA445D22B1,ar_standard_t8_zm
FAAE90EA44827DE5,ar_standard_t8_wz
FAC39AEA4494EAED,ar_standard_t8_mp
FB6445B709C08321,smg_standard_t8_mp
FB863BB709DD5889,smg_standard_t8_wz
FBAB50B709FC9875,smg_standard_t8_zm
FBE411E83FB08E05,killstreak_ai_tank_mp
FBF7797B85B0089C,ww_mega_barrel_fullauto_micro_missile_t9
FC91C3D260FF0239,ar_mg1909_t8_mp
FC9376E0E68E89DB,melee_coldwar_t9_dw_upgraded
FCB8EAFBC3304E06,null_offhand_primary_wz
FCC8D09456669782,warzone_remote_wz
FCD8BED2613AFC5D,ar_mg1909_t8_zm
FCDAECFBC34D37D2,null_offhand_primary_mp
FCF9387534CADE01,lmg_fastfire_t9_upgraded
FD4C8817AEF65EF4,snowball_yellow_zm
FE158FFD91AA3DAF,sticky_grenade_widows_wine_zm
FE2AFBF6C82EA09D,smg_capacity_t8_gold_wz
FE329F000048FA9C,ball_mp
FE6051C346C827F1,dropkick_weapon_dw
FE6908C283302BE8,shotgun_semiauto_t9_upgraded
FE7B5AC346DEFEF4,dropkick_weapon_lh
FEA686A9E6A34C98,pistol_burst_t9_upgraded
FECA6EAE4128F3A0,player_air_vehicle1_main_turret_3rd_person
FECAD7A2412DECA8,zhield_turret_zm
FFB1EAA05AD97B37,hero_pineapple_grenade_wz
FFCC9F73649D03F7,zhield_zword_dw_upgraded_zm
FFD3E0A05AF6509F,hero_pineapple_grenade_mp
